industry,mean_revenue_growth,std_revenue_growth,count
Technology,5.634630217463401,5.365939530930223,21107
Finance,4.830551919071705,5.294956905083069,20166
Logistics,4.4782524496566625,5.2965379628413665,12961
Retail,4.45525676253282,5.3191428688180675,16377
Manufacturing,4.417669276041369,5.252963831861391,17501
Agriculture,4.387112395632626,5.314411263148958,15570
Education,4.312002372791985,5.284524608765136,15172
Consulting,4.30272792706334,5.2640272484233455,12504
Healthcare,4.225916210707005,5.282727622810178,18642
